Type,Question
Admission, How do I apply for admission to Saras AI Institute?
Admission, What are the steps involved in getting accepted to Saras AI Institute?
Admission, What is the eligibility criteria for enrolling at Saras AI Institute?
Admission,Can you explain the admission procedure for Saras AI Institute?
Admission, What documents are required to apply to Saras AI Institute?
Admission,Are there any entrance exams for Saras AI Institute’s admissions?
Admission,How does the selection process work at Saras AI Institute?
Admission,What are the deadlines for submitting an application to Saras AI Institute?
Admission,Is there an interview process for admission to Saras AI Institute?
Admission,What qualifications are needed to secure a seat at Saras AI Institute?
Admission," What is the pre-enrollment assessment test, and what does it cover?"
Admission,Can you explain the purpose of the pre-enrollment assessment test?
Admission, What topics are included in the pre-enrollment assessment test?
Admission, How can I best prepare for the pre-enrollment assessment?
Admission, What study materials should I use for the pre-enrollment assessment test?
Admission, Are there any specific guidelines for preparing for the pre-enrollment test?
Admission, How important is the pre-enrollment assessment test for admission?
Admission, Is there a sample pre-enrollment assessment test I can review?
Admission, What strategies can I use to succeed in the pre-enrollment assessment?
Admission, Are there any recommended resources for preparing for the pre-enrollment assessment test?
Admission, What are the specific requirements to apply for the programs?
Admission, Are there any prerequisites I need to meet before applying to the programs?
Admission, What qualifications are necessary for admission into the programs?
Admission, Do I need prior experience or knowledge to be eligible for the programs?
Admission, Are there any academic criteria I must fulfill for admission to the programs?
Admission, What educational background is required to apply for these programs?
Admission, Are there any specific skills or coursework I need before enrolling in the programs?
Admission, Is there a minimum GPA or test score requirement for program admission?
Admission, Are there any mandatory certifications needed to apply to the programs?
Admission, Do I need to complete any preparatory courses before being admitted to the programs?
Admission, What is the last date to submit my application?
Admission, When do I need to submit my application by?
Admission, Are there specific deadlines for submitting applications?
Admission, What is the cutoff date for application submissions?
Admission, When should I have my application completed and sent in?
Admission, Is there a specific timeline for application submission?
Admission, How much time do I have left to submit my application?
Admission, When does the application period close?
Admission, Can you tell me the due date for applications?
Admission, Are there any important dates I should be aware of for application submission?
Curriculum and Faculty, What subjects are included in the curriculum at Saras AI Institute?
Curriculum and Faculty, Can you describe the course structure at Saras AI Institute?
Curriculum and Faculty, How is the curriculum organized at Saras AI Institute?
Curriculum and Faculty, What topics will I study as part of the program at Saras AI Institute?
Curriculum and Faculty, Are there any specific courses that are part of the curriculum at Saras AI Institute?
Curriculum and Faculty, How many modules or units are in the curriculum at Saras AI Institute?
Curriculum and Faculty, What is the focus of the curriculum at Saras AI Institute?
Curriculum and Faculty, Are there any practical components in the curriculum at Saras AI Institute?
Curriculum and Faculty, How does the curriculum at Saras AI Institute prepare students for real-world applications?
Curriculum and Faculty, Are there opportunities for specialization within the curriculum at Saras AI Institute?
Curriculum and Faculty, How does the curriculum at Saras AI Institute prepare students for real-world applications?
Curriculum and Faculty, Are there opportunities for specialization within the curriculum at Saras AI Institute?
Curriculum and Faculty," How is the program organized, and what teaching methods are used for the curriculum?"
Curriculum and Faculty, Can you explain the structure of the program and how students engage with the curriculum?
Curriculum and Faculty," What does the program layout look like, and in what ways is the curriculum presented?"
Curriculum and Faculty, Could you describe how the program is structured and the format of the curriculum delivery?
Curriculum and Faculty," What are the components of the program's structure, and how is the curriculum taught?"
Curriculum and Faculty, Can you provide insights into the organization of the program and the delivery methods for the curriculum?
Curriculum and Faculty," How is the curriculum structured within the program, and what formats are used for its delivery?"
Curriculum and Faculty," What does the program framework entail, and how is the curriculum presented to students?"
Curriculum and Faculty, Can you share more about how the curriculum is structured and the teaching approaches used?
Curriculum and Faculty, Could you elaborate on the role-based curriculum feature and its advantages for students?
Curriculum and Faculty, Can you give me more information about the role-based curriculum and how it benefits learners?
Curriculum and Faculty, What details can you share about the role-based curriculum aspect and its impact on students?
Curriculum and Faculty," How does the role-based curriculum feature work, and in what ways does it help students succeed?"
Curriculum and Faculty, Can you explain the benefits of the role-based curriculum feature for students?
Curriculum and Faculty," What are the specifics of the role-based curriculum, and how does it enhance the learning experience?"
Curriculum and Faculty," Do you offer real-time, live sessions as part of the curriculum?"
Curriculum and Faculty, Are live sessions conducted as part of the program?
Curriculum and Faculty, Do you have live interactive sessions included in the course?
Curriculum and Faculty, Is there an option for participating in live sessions during the program?
Curriculum and Faculty, Can you confirm whether live sessions are part of the curriculum?
Curriculum and Faculty, Am I able to transfer credits from other universities to Saras AI Institute?
Curriculum and Faculty, Is it possible to transfer previously earned credits to Saras AI Institute?
Curriculum and Faculty, Can I bring over credits from another university to my program at Saras AI Institute?
Curriculum and Faculty, Are there provisions for transferring credits earned at other institutions to Saras AI Institute?
Curriculum and Faculty, Will I be able to transfer my credits from other universities when enrolling at Saras AI Institute?
Curriculum and Faculty, Who are the instructors and faculty members at Saras AI Institute?
Curriculum and Faculty, Can you tell me about the faculty at Saras AI Institute?
Curriculum and Faculty, Who teaches the courses at Saras AI Institute?
Curriculum and Faculty, What can you tell me about the faculty members associated with Saras AI Institute?
Curriculum and Faculty, Who are the educators and staff at Saras AI Institute?
Curriculum and Faculty, Is it possible for me to connect with mentors outside of my classes?
Curriculum and Faculty, Can I reach out to mentors beyond the classroom setting?
Curriculum and Faculty, Am I allowed to interact with mentors outside of scheduled classes?
Curriculum and Faculty, Is there an opportunity to network with mentors apart from classroom interactions?
Curriculum and Faculty, Can I access mentorship opportunities outside of class hours?
Curriculum and Faculty, Are there any chances to connect with mentors in a non-classroom environment?
Curriculum and Faculty, How can I connect with mentors outside of my academic classes?
Curriculum and Faculty, Is there a way for me to engage with mentors beyond the lessons?
Curriculum and Faculty, Can you provide information on connecting with mentors outside of class activities?
Curriculum and Faculty, Are there mentorship opportunities available outside of the classroom at Saras AI Institute? 
Accreditation & Recognition, Is Saras AI Institute officially accredited?
Accreditation & Recognition, Does Saras AI Institute have accreditation?
Accreditation & Recognition, Can you confirm if Saras AI Institute is recognized as an accredited institution?
Accreditation & Recognition, Is the accreditation status of Saras AI Institute verified?
Accreditation & Recognition, Is the degree from Saras AI Institute accredited?
Accreditation & Recognition, Are the programs at Saras AI Institute accredited by any official body?
Accreditation & Recognition, Is there a recognized accreditation for Saras AI Institute?
Accreditation & Recognition, Does the institute hold any form of accreditation?
Accreditation & Recognition, Are the degrees offered by Saras AI Institute accredited?
Accreditation & Recognition, Is there government recognition for the degree programs at Saras AI Institute?
Accreditation & Recognition, Are the academic programs at Saras AI Institute acknowledged by the government?
Accreditation & Recognition, Do the degrees from Saras AI Institute have government approval?
Accreditation & Recognition, Is the curriculum at Saras AI Institute sanctioned by the government?
Accreditation & Recognition, Are the qualifications from Saras AI Institute recognized by any governmental authority?
Accreditation & Recognition, Do any government agencies recognize the degree programs offered by Saras AI Institute?
Accreditation & Recognition, Is the government aware of and endorsing the programs at Saras AI Institute?
Accreditation & Recognition, Is an accredited degree required by employers?
Accreditation & Recognition, Do companies typically require applicants to have an accredited degree?
Accreditation & Recognition, Is having an accredited degree a necessity for employers?
Accreditation & Recognition, Are employers likely to demand an accredited degree for job candidates?
Accreditation & Recognition, Do businesses insist on an accredited degree for potential hires?
Accreditation & Recognition, Is it common for employers to seek candidates with accredited degrees?
Accreditation & Recognition, Do hiring managers look for accredited degrees in applicants?
Accreditation & Recognition, Are accredited degrees considered essential by employers?
Accreditation & Recognition, Do organizations typically require an accredited degree from applicants?
Accreditation & Recognition, Is an accredited degree necessary to meet employer expectations?
Accreditation & Recognition, Do most employers require candidates to have completed an accredited degree?
Accreditation & Recognition, How important is an accredited degree to employers?
Accreditation & Recognition, Are employers more likely to hire individuals with accredited degrees?
Accreditation & Recognition, Is there a trend among employers to prefer applicants with accredited degrees?
Accreditation & Recognition, Do employers prioritize candidates with degrees from accredited institutions?
Accreditation & Recognition, Is an accredited degree a significant factor in employment decisions?
Accreditation & Recognition, How do employers view degrees from non-accredited institutions?
Accreditation & Recognition, What are the employer expectations regarding degree accreditation?
Accreditation & Recognition, Is it crucial for students to earn degrees from accredited institutions for job prospects?
Accreditation & Recognition, Are graduates from accredited programs favored in the job market?
Accreditation & Recognition, Do employers specifically ask for evidence of degree accreditation?
Accreditation & Recognition, Is there a link between job opportunities and having an accredited degree?
Accreditation & Recognition, Are applicants with accredited degrees at an advantage in the job market?
Accreditation & Recognition, How do employers assess the value of a degree based on its accreditation status?
Career Services, Does Saras AI Institute provide support for employment after graduation?
Career Services, Is there any kind of job placement assistance available at Saras AI Institute?
Career Services, Can students at Saras AI Institute receive help finding employment?
Career Services, Are there resources for job search support at Saras AI Institute?
Career Services, Does Saras AI Institute assist students in securing jobs after completing their programs?
Career Services, What kind of employment support does Saras AI Institute offer its students?
Career Services, Is there a career services department at Saras AI Institute?
Career Services, Do students at Saras AI Institute have access to career counseling services?
Career Services, How does Saras AI Institute help students with their job placements?
Career Services, Are there workshops or events focused on employment at Saras AI Institute?
Career Services, Does Saras AI Institute have any collaborations with employers for job placements?
Career Services, Are there partnerships with companies to facilitate job placements at Saras AI Institute?
Career Services, Does Saras AI Institute collaborate with organizations for employment opportunities?
Career Services, Are there any employer partnerships that support students at Saras AI Institute?
Career Services, How does Saras AI Institute connect students with potential employers?
Career Services, Are there partnerships between Saras AI Institute and industry leaders?
Career Services, Does Saras AI Institute work with companies to create job opportunities for students?
Career Services, Is there a network of employers that Saras AI Institute collaborates with?
Career Services, What companies does Saras AI Institute partner with for student employment?
Career Services, Are there internships facilitated by partnerships at Saras AI Institute?
Career Services, Does the university provide assistance for finding internships?
Career Services, Can students receive help from Saras AI Institute when looking for internships?
Career Services, Are there services available for internship placement at Saras AI Institute?
Career Services, Does Saras AI Institute offer resources for securing internships?
Career Services, What kind of internship support does Saras AI Institute provide?
Career Services, Are there opportunities for internship placements through Saras AI Institute?
Career Services, Does the university assist students in obtaining internship positions?
Career Services, Are internships a part of the support services offered by Saras AI Institute?
Career Services, How does Saras AI Institute help students find internships?
Career Services, Is there an internship program that connects students with potential employers?
Career Services, Do students at Saras AI Institute have access to internship opportunities?
Career Services, How are internships arranged for students at Saras AI Institute?
Career Services, Are there any partnerships that assist students in finding internships?
Career Services, What kind of internship resources are available through Saras AI Institute?
Career Services, Does Saras AI Institute have a dedicated team for internship placement?
Career Services, Can students expect assistance with finding summer internships at Saras AI Institute?
Career Services, Is there a system in place to help students with internship applications?
Career Services, Are there any events or job fairs organized by Saras AI Institute for internship opportunities?
Career Services, Does Saras AI Institute have relationships with companies that offer internships?
Career Services, How does the institute facilitate student access to internship positions?
Career Services, Are there any mentorship programs that help with internship placements?
Career Services, Is there a specific department that handles internship assistance at Saras AI Institute?
Career Services, Do employers recognize the internship experiences facilitated by Saras AI Institute?
Career Services, How does the internship placement process work at Saras AI Institute?
Career Services, Are there student testimonials regarding employment support at Saras AI Institute?
Career Services, Does Saras AI Institute provide feedback on internship applications for students?
Career Services, Can students connect with alumni for internship opportunities through Saras AI Institute?
Career Services, Is there a timeline for internship placement assistance at Saras AI Institute?
Career Services, Are students encouraged to seek internships as part of their program at Saras AI Institute?
Career Services, What role does Saras AI Institute play in helping students prepare for internships?
Tuition fee and Scholarships, Does Saras AI Institute provide scholarships for students?
Tuition fee and Scholarships, Are there any scholarship opportunities available at Saras AI Institute?
Tuition fee and Scholarships, Can students at Saras AI Institute apply for scholarships?
Tuition fee and Scholarships, What types of scholarships does Saras AI Institute offer?
Tuition fee and Scholarships, How can I apply for scholarships at Saras AI Institute?
Tuition fee and Scholarships, What is the application process for scholarships at Saras AI Institute?
Tuition fee and Scholarships, Are there specific eligibility criteria for scholarships at Saras AI Institute?
Tuition fee and Scholarships, Can you tell me more about the scholarships offered by Saras AI Institute?
Tuition fee and Scholarships, What documents are required to apply for scholarships at Saras AI Institute?
Tuition fee and Scholarships, How do I find information about scholarships available at Saras AI Institute?
Tuition fee and Scholarships, What are the tuition fees for the programs at Saras AI Institute?
Tuition fee and Scholarships, How much do courses cost at Saras AI Institute?
Tuition fee and Scholarships, What is the total tuition cost for enrolling in a program at Saras AI Institute?
Tuition fee and Scholarships, Can you provide details on the tuition fees for various courses at Saras AI Institute?
Tuition fee and Scholarships, Are the tuition fees for Saras AI Institute programs available online?
Tuition fee and Scholarships, Do you have information on the different payment plans for tuition fees?
Tuition fee and Scholarships, Are there flexible payment options for the tuition fees at Saras AI Institute?
Tuition fee and Scholarships, Can I choose a payment plan to manage my tuition fees at Saras AI Institute?
Tuition fee and Scholarships, What payment methods are accepted for tuition fees at Saras AI Institute?
Tuition fee and Scholarships, Are there any installment options for paying tuition fees at Saras AI Institute?
Tuition fee and Scholarships, Can I get financial assistance while studying at Saras AI Institute?
Tuition fee and Scholarships, Is financial aid available for students at Saras AI Institute?
Tuition fee and Scholarships, How can I apply for financial aid at Saras AI Institute?
Tuition fee and Scholarships, Are there specific financial aid programs for students at Saras AI Institute?
Tuition fee and Scholarships, What types of financial aid are offered by Saras AI Institute?
Tuition fee and Scholarships, Is there a financial aid office that I can contact for help at Saras AI Institute?
Tuition fee and Scholarships, How does the financial aid application process work at Saras AI Institute?
Tuition fee and Scholarships, What are the requirements to qualify for financial aid at Saras AI Institute?
Tuition fee and Scholarships, Can I receive assistance for living expenses through financial aid at Saras AI Institute?
Tuition fee and Scholarships, Are there grants available for students at Saras AI Institute?
Tuition fee and Scholarships, Do you offer any funding opportunities for students attending Saras AI Institute?
Tuition fee and Scholarships, Are scholarships renewable at Saras AI Institute?
Tuition fee and Scholarships, Can I apply for multiple scholarships at Saras AI Institute?
Tuition fee and Scholarships, Is there a deadline for scholarship applications at Saras AI Institute?
Tuition fee and Scholarships, How often are scholarships awarded at Saras AI Institute?
Tuition fee and Scholarships, Can I use scholarships in conjunction with financial aid at Saras AI Institute?
Tuition fee and Scholarships, What is the process for renewing a scholarship at Saras AI Institute?
Tuition fee and Scholarships, Are there scholarships specifically for international students at Saras AI Institute?
Tuition fee and Scholarships, Are there merit-based scholarships available at Saras AI Institute?
Tuition fee and Scholarships, Do I need to maintain a certain GPA to keep my scholarship at Saras AI Institute?
Tuition fee and Scholarships, Are there any scholarships for underrepresented groups at Saras AI Institute?
Tuition fee and Scholarships, Can I speak to someone about scholarship opportunities at Saras AI Institute?
Tuition fee and Scholarships, How can I find out if I’m eligible for financial aid at Saras AI Institute?
Tuition fee and Scholarships," What is the total cost of attendance at Saras AI Institute, including tuition and fees?"
Tuition fee and Scholarships, Is there a way to appeal a financial aid decision at Saras AI Institute?
Tuition fee and Scholarships, Are scholarships awarded based on financial need at Saras AI Institute?
Tuition fee and Scholarships, Do I have to apply separately for financial aid and scholarships at Saras AI Institute?
Tuition fee and Scholarships, What are the scholarship application deadlines for each term at Saras AI Institute?
Tuition fee and Scholarships, Can I receive scholarships for short-term courses at Saras AI Institute?
Tuition fee and Scholarships, Are there work-study programs available for students at Saras AI Institute?
